<?xml version="1.0" encoding="UTF-8"?>
<project-private xmlns="http://www.netbeans.org/ns/project-private/1">
    <editor-bookmarks xmlns="http://www.netbeans.org/ns/editor-bookmarks/2" lastBookmarkId="0"/>
    <open-files xmlns="http://www.netbeans.org/ns/projectui-open-files/2">
        <group>
            <file>file:/C:/Users/engy/Desktop/SOFTWARE%20ENTERPRISE/WebApplication2/web/textbook.jsp</file>
            <file>file:/C:/Users/engy/Desktop/SOFTWARE%20ENTERPRISE/WebApplication2/src/java/Model/Textbook.java</file>
            <file>file:/C:/Users/engy/Desktop/SOFTWARE%20ENTERPRISE/WebApplication2/src/java/Repository/TextBookRepository.java</file>
            <file>file:/C:/Users/engy/Desktop/SOFTWARE%20ENTERPRISE/WebApplication2/src/java/Controller/AddTextBookController.java</file>
            <file>file:/C:/Users/engy/Desktop/SOFTWARE%20ENTERPRISE/WebApplication2/src/java/Controller/ModifyNumberOfCopiesController.java</file>
            <file>file:/C:/Users/engy/Desktop/SOFTWARE%20ENTERPRISE/WebApplication2/web/login.jsp</file>
            <file>file:/C:/Users/engy/Desktop/SOFTWARE%20ENTERPRISE/WebApplication2/test/TextbookTest.java</file>
            <file>file:/C:/Users/engy/Desktop/SOFTWARE%20ENTERPRISE/WebApplication2/web/ViewRatings.jsp</file>
            <file>file:/C:/Users/engy/Desktop/SOFTWARE%20ENTERPRISE/WebApplication2/test/test/TextBookRepository_Test.java</file>
            <file>file:/C:/Users/engy/Desktop/SOFTWARE%20ENTERPRISE/WebApplication2/src/java/Repository/CourseCoordinatorRepository.java</file>
            <file>file:/C:/Users/engy/Desktop/SOFTWARE%20ENTERPRISE/WebApplication2/web/ModifyNumberOfCopies.jsp</file>
            <file>file:/C:/Users/engy/Desktop/SOFTWARE%20ENTERPRISE/WebApplication2/src/java/Controller/loginController.java</file>
        </group>
    </open-files>
</project-private>
